recorded_at,park_id,park_name,attraction_id,attraction_name,status,wait_time_minutes,last_updated
2026-10-02T23:27:47.429877+00:00,288747d1-8b4f-4a64-867e-ea7c9b27bad8,Disney's Hollywood Studios,1a2e70d9-50d5-4140-b69e-799e950f7d18,Star Wars: Rise of the Resistance,OPERATING,50,2026-10-02T23:23:56.487Z
2026-10-02T23:27:47.429877+00:00,288747d1-8b4f-4a64-867e-ea7c9b27bad8,Disney's Hollywood Studios,20b5daa8-e1ea-436f-830c-2d7d18d929b5,Toy Story Mania!,OPERATING,50,2026-10-02T23:03:01.436Z
2026-10-02T23:27:47.429877+00:00,288747d1-8b4f-4a64-867e-ea7c9b27bad8,Disney's Hollywood Studios,34c4916b-989b-4ff1-a7e3-a6a846a3484f,Millennium Falcon: Smugglers Run,OPERATING,25,2026-10-02T23:18:59.409Z
2026-10-02T23:27:47.429877+00:00,288747d1-8b4f-4a64-867e-ea7c9b27bad8,Disney's Hollywood Studios,399aa0a1-98e2-4d2b-b297-2b451e9665e1,Slinky Dog Dash,OPERATING,70,2026-10-02T22:27:08.232Z
2026-10-02T23:27:47.429877+00:00,288747d1-8b4f-4a64-867e-ea7c9b27bad8,Disney's Hollywood Studios,3b290419-8ca2-44bc-a710-a6c83fca76ec,Star Tours – The Adventures Continue,OPERATING,5,2026-10-02T23:23:56.546Z
2026-10-02T23:27:47.429877+00:00,288747d1-8b4f-4a64-867e-ea7c9b27bad8,Disney's Hollywood Studios,6e118e37-5002-408d-9d88-0b5d9cdb5d14,Mickey & Minnie's Runaway Railway,OPERATING,55,2026-10-02T23:24:02.950Z
2026-10-02T23:27:47.429877+00:00,288747d1-8b4f-4a64-867e-ea7c9b27bad8,Disney's Hollywood Studios,6f6998e8-a629-412c-b964-2cb06af8e26b,The Twilight Zone™ Tower of Terror,OPERATING,110,2026-10-02T23:11:59.142Z
2026-10-02T23:27:47.429877+00:00,288747d1-8b4f-4a64-867e-ea7c9b27bad8,Disney's Hollywood Studios,9211adc9-b296-4667-8e97-b40cf76108e4,Vacation Fun - An Original Animated Short with Mickey & Minnie,OPERATING,10,2026-10-02T13:06:35.736Z
2026-10-02T23:27:47.429877+00:00,288747d1-8b4f-4a64-867e-ea7c9b27bad8,Disney's Hollywood Studios,d56506e2-6ad3-443a-8065-fea37987248d,Alien Swirling Saucers,OPERATING,20,2026-10-02T23:23:56.479Z
2026-10-02T23:27:47.429877+00:00,288747d1-8b4f-4a64-867e-ea7c9b27bad8,Disney's Hollywood Studios,d7669edc-eaa1-4af2-bbb5-6e98df564166,Walt Disney Presents,OPERATING,,2026-10-02T13:01:12.117Z
2026-10-02T23:27:47.429877+00:00,288747d1-8b4f-4a64-867e-ea7c9b27bad8,Disney's Hollywood Studios,e516f303-e82d-4fd3-8fbf-8e6ab624cf89,Rock ’n’ Roller Coaster Starring The Muppets,OPERATING,35,2026-10-02T23:18:17.444Z
2026-10-03T00:35:37.849723+00:00,288747d1-8b4f-4a64-867e-ea7c9b27bad8,Disney's Hollywood Studios,1a2e70d9-50d5-4140-b69e-799e950f7d18,Star Wars: Rise of the Resistance,OPERATING,15,2026-10-03T00:32:59.498Z
2026-10-03T00:35:37.849723+00:00,288747d1-8b4f-4a64-867e-ea7c9b27bad8,Disney's Hollywood Studios,20b5daa8-e1ea-436f-830c-2d7d18d929b5,Toy Story Mania!,OPERATING,50,2026-10-03T00:15:17.286Z
2026-10-03T00:35:37.849723+00:00,288747d1-8b4f-4a64-867e-ea7c9b27bad8,Disney's Hollywood Studios,34c4916b-989b-4ff1-a7e3-a6a846a3484f,Millennium Falcon: Smugglers Run,OPERATING,10,2026-10-03T00:33:44.709Z
2026-10-03T00:35:37.849723+00:00,288747d1-8b4f-4a64-867e-ea7c9b27bad8,Disney's Hollywood Studios,399aa0a1-98e2-4d2b-b297-2b451e9665e1,Slinky Dog Dash,OPERATING,40,2026-10-03T00:23:57.509Z
2026-10-03T00:35:37.849723+00:00,288747d1-8b4f-4a64-867e-ea7c9b27bad8,Disney's Hollywood Studios,3b290419-8ca2-44bc-a710-a6c83fca76ec,Star Tours – The Adventures Continue,OPERATING,5,2026-10-03T00:33:44.750Z
2026-10-03T00:35:37.849723+00:00,288747d1-8b4f-4a64-867e-ea7c9b27bad8,Disney's Hollywood Studios,6e118e37-5002-408d-9d88-0b5d9cdb5d14,Mickey & Minnie's Runaway Railway,OPERATING,30,2026-10-03T00:30:00.457Z
2026-10-03T00:35:37.849723+00:00,288747d1-8b4f-4a64-867e-ea7c9b27bad8,Disney's Hollywood Studios,6f6998e8-a629-412c-b964-2cb06af8e26b,The Twilight Zone™ Tower of Terror,OPERATING,45,2026-10-03T00:25:06.113Z
2026-10-03T00:35:37.849723+00:00,288747d1-8b4f-4a64-867e-ea7c9b27bad8,Disney's Hollywood Studios,9211adc9-b296-4667-8e97-b40cf76108e4,Vacation Fun - An Original Animated Short with Mickey & Minnie,CLOSED,,2026-10-03T00:00:58.738Z
2026-10-03T00:35:37.849723+00:00,288747d1-8b4f-4a64-867e-ea7c9b27bad8,Disney's Hollywood Studios,d56506e2-6ad3-443a-8065-fea37987248d,Alien Swirling Saucers,OPERATING,15,2026-10-03T00:28:57.782Z
2026-10-03T00:35:37.849723+00:00,288747d1-8b4f-4a64-867e-ea7c9b27bad8,Disney's Hollywood Studios,d7669edc-eaa1-4af2-bbb5-6e98df564166,Walt Disney Presents,CLOSED,,2026-10-03T00:00:58.730Z
2026-10-03T00:35:37.849723+00:00,288747d1-8b4f-4a64-867e-ea7c9b27bad8,Disney's Hollywood Studios,e516f303-e82d-4fd3-8fbf-8e6ab624cf89,Rock ’n’ Roller Coaster Starring The Muppets,OPERATING,60,2026-10-03T00:34:06.548Z
2026-10-03T15:02:59.268523+00:00,288747d1-8b4f-4a64-867e-ea7c9b27bad8,Disney's Hollywood Studios,1a2e70d9-50d5-4140-b69e-799e950f7d18,Star Wars: Rise of the Resistance,OPERATING,50,2026-10-03T14:58:52.482Z
2026-10-03T15:02:59.268523+00:00,288747d1-8b4f-4a64-867e-ea7c9b27bad8,Disney's Hollywood Studios,20b5daa8-e1ea-436f-830c-2d7d18d929b5,Toy Story Mania!,OPERATING,40,2026-10-03T14:44:06.648Z
2026-10-03T15:02:59.268523+00:00,288747d1-8b4f-4a64-867e-ea7c9b27bad8,Disney's Hollywood Studios,34c4916b-989b-4ff1-a7e3-a6a846a3484f,Millennium Falcon: Smugglers Run,OPERATING,35,2026-10-03T14:58:52.473Z
2026-10-03T15:02:59.268523+00:00,288747d1-8b4f-4a64-867e-ea7c9b27bad8,Disney's Hollywood Studios,399aa0a1-98e2-4d2b-b297-2b451e9665e1,Slinky Dog Dash,OPERATING,65,2026-10-03T15:00:06.269Z
2026-10-03T15:02:59.268523+00:00,288747d1-8b4f-4a64-867e-ea7c9b27bad8,Disney's Hollywood Studios,3b290419-8ca2-44bc-a710-a6c83fca76ec,Star Tours – The Adventures Continue,OPERATING,5,2026-10-03T14:58:52.647Z
2026-10-03T15:02:59.268523+00:00,288747d1-8b4f-4a64-867e-ea7c9b27bad8,Disney's Hollywood Studios,6e118e37-5002-408d-9d88-0b5d9cdb5d14,Mickey & Minnie's Runaway Railway,OPERATING,40,2026-10-03T14:58:52.464Z
2026-10-03T15:02:59.268523+00:00,288747d1-8b4f-4a64-867e-ea7c9b27bad8,Disney's Hollywood Studios,6f6998e8-a629-412c-b964-2cb06af8e26b,The Twilight Zone™ Tower of Terror,OPERATING,50,2026-10-03T14:53:17.460Z
2026-10-03T15:02:59.268523+00:00,288747d1-8b4f-4a64-867e-ea7c9b27bad8,Disney's Hollywood Studios,9211adc9-b296-4667-8e97-b40cf76108e4,Vacation Fun - An Original Animated Short with Mickey & Minnie,OPERATING,10,2026-10-03T13:03:06.609Z
2026-10-03T15:02:59.268523+00:00,288747d1-8b4f-4a64-867e-ea7c9b27bad8,Disney's Hollywood Studios,d56506e2-6ad3-443a-8065-fea37987248d,Alien Swirling Saucers,OPERATING,30,2026-10-03T14:58:52.455Z
2026-10-03T15:02:59.268523+00:00,288747d1-8b4f-4a64-867e-ea7c9b27bad8,Disney's Hollywood Studios,d7669edc-eaa1-4af2-bbb5-6e98df564166,Walt Disney Presents,OPERATING,,2026-10-03T13:02:15.417Z
2026-10-03T15:02:59.268523+00:00,288747d1-8b4f-4a64-867e-ea7c9b27bad8,Disney's Hollywood Studios,e516f303-e82d-4fd3-8fbf-8e6ab624cf89,Rock ’n’ Roller Coaster Starring The Muppets,OPERATING,55,2026-10-03T14:54:11.603Z
2026-10-03T18:45:39.691824+00:00,288747d1-8b4f-4a64-867e-ea7c9b27bad8,Disney's Hollywood Studios,1a2e70d9-50d5-4140-b69e-799e950f7d18,Star Wars: Rise of the Resistance,OPERATING,60,2026-10-03T18:36:07.714Z
2026-10-03T18:45:39.691824+00:00,288747d1-8b4f-4a64-867e-ea7c9b27bad8,Disney's Hollywood Studios,20b5daa8-e1ea-436f-830c-2d7d18d929b5,Toy Story Mania!,OPERATING,40,2026-10-03T18:42:56.447Z
2026-10-03T18:45:39.691824+00:00,288747d1-8b4f-4a64-867e-ea7c9b27bad8,Disney's Hollywood Studios,34c4916b-989b-4ff1-a7e3-a6a846a3484f,Millennium Falcon: Smugglers Run,OPERATING,25,2026-10-03T18:42:56.440Z
2026-10-03T18:45:39.691824+00:00,288747d1-8b4f-4a64-867e-ea7c9b27bad8,Disney's Hollywood Studios,399aa0a1-98e2-4d2b-b297-2b451e9665e1,Slinky Dog Dash,OPERATING,60,2026-10-03T18:39:12.303Z
2026-10-03T18:45:39.691824+00:00,288747d1-8b4f-4a64-867e-ea7c9b27bad8,Disney's Hollywood Studios,3b290419-8ca2-44bc-a710-a6c83fca76ec,Star Tours – The Adventures Continue,OPERATING,5,2026-10-03T18:42:56.574Z
2026-10-03T18:45:39.691824+00:00,288747d1-8b4f-4a64-867e-ea7c9b27bad8,Disney's Hollywood Studios,6e118e37-5002-408d-9d88-0b5d9cdb5d14,Mickey & Minnie's Runaway Railway,OPERATING,55,2026-10-03T18:19:51.979Z
2026-10-03T18:45:39.691824+00:00,288747d1-8b4f-4a64-867e-ea7c9b27bad8,Disney's Hollywood Studios,6f6998e8-a629-412c-b964-2cb06af8e26b,The Twilight Zone™ Tower of Terror,OPERATING,45,2026-10-03T18:24:08.710Z
2026-10-03T18:45:39.691824+00:00,288747d1-8b4f-4a64-867e-ea7c9b27bad8,Disney's Hollywood Studios,9211adc9-b296-4667-8e97-b40cf76108e4,Vacation Fun - An Original Animated Short with Mickey & Minnie,OPERATING,10,2026-10-03T13:03:06.609Z
2026-10-03T18:45:39.691824+00:00,288747d1-8b4f-4a64-867e-ea7c9b27bad8,Disney's Hollywood Studios,d56506e2-6ad3-443a-8065-fea37987248d,Alien Swirling Saucers,OPERATING,30,2026-10-03T18:36:30.281Z
2026-10-03T18:45:39.691824+00:00,288747d1-8b4f-4a64-867e-ea7c9b27bad8,Disney's Hollywood Studios,d7669edc-eaa1-4af2-bbb5-6e98df564166,Walt Disney Presents,OPERATING,,2026-10-03T13:02:15.417Z
2026-10-03T18:45:39.691824+00:00,288747d1-8b4f-4a64-867e-ea7c9b27bad8,Disney's Hollywood Studios,e516f303-e82d-4fd3-8fbf-8e6ab624cf89,Rock ’n’ Roller Coaster Starring The Muppets,OPERATING,50,2026-10-03T18:26:08.399Z
2026-10-03T21:55:54.377583+00:00,288747d1-8b4f-4a64-867e-ea7c9b27bad8,Disney's Hollywood Studios,1a2e70d9-50d5-4140-b69e-799e950f7d18,Star Wars: Rise of the Resistance,OPERATING,60,2026-10-03T21:54:04.743Z
2026-10-03T21:55:54.377583+00:00,288747d1-8b4f-4a64-867e-ea7c9b27bad8,Disney's Hollywood Studios,20b5daa8-e1ea-436f-830c-2d7d18d929b5,Toy Story Mania!,OPERATING,40,2026-10-03T21:47:09.221Z
2026-10-03T21:55:54.377583+00:00,288747d1-8b4f-4a64-867e-ea7c9b27bad8,Disney's Hollywood Studios,34c4916b-989b-4ff1-a7e3-a6a846a3484f,Millennium Falcon: Smugglers Run,OPERATING,20,2026-10-03T21:54:10.423Z
2026-10-03T21:55:54.377583+00:00,288747d1-8b4f-4a64-867e-ea7c9b27bad8,Disney's Hollywood Studios,399aa0a1-98e2-4d2b-b297-2b451e9665e1,Slinky Dog Dash,OPERATING,55,2026-10-03T21:53:07.649Z
2026-10-03T21:55:54.377583+00:00,288747d1-8b4f-4a64-867e-ea7c9b27bad8,Disney's Hollywood Studios,3b290419-8ca2-44bc-a710-a6c83fca76ec,Star Tours – The Adventures Continue,OPERATING,5,2026-10-03T21:54:04.830Z
2026-10-03T21:55:54.377583+00:00,288747d1-8b4f-4a64-867e-ea7c9b27bad8,Disney's Hollywood Studios,6e118e37-5002-408d-9d88-0b5d9cdb5d14,Mickey & Minnie's Runaway Railway,OPERATING,40,2026-10-03T21:43:06.729Z
2026-10-03T21:55:54.377583+00:00,288747d1-8b4f-4a64-867e-ea7c9b27bad8,Disney's Hollywood Studios,6f6998e8-a629-412c-b964-2cb06af8e26b,The Twilight Zone™ Tower of Terror,OPERATING,40,2026-10-03T21:36:15.667Z
2026-10-03T21:55:54.377583+00:00,288747d1-8b4f-4a64-867e-ea7c9b27bad8,Disney's Hollywood Studios,9211adc9-b296-4667-8e97-b40cf76108e4,Vacation Fun - An Original Animated Short with Mickey & Minnie,OPERATING,10,2026-10-03T13:03:06.609Z
2026-10-03T21:55:54.377583+00:00,288747d1-8b4f-4a64-867e-ea7c9b27bad8,Disney's Hollywood Studios,d56506e2-6ad3-443a-8065-fea37987248d,Alien Swirling Saucers,OPERATING,20,2026-10-03T21:54:04.727Z
2026-10-03T21:55:54.377583+00:00,288747d1-8b4f-4a64-867e-ea7c9b27bad8,Disney's Hollywood Studios,d7669edc-eaa1-4af2-bbb5-6e98df564166,Walt Disney Presents,OPERATING,,2026-10-03T13:02:15.417Z
2026-10-03T21:55:54.377583+00:00,288747d1-8b4f-4a64-867e-ea7c9b27bad8,Disney's Hollywood Studios,e516f303-e82d-4fd3-8fbf-8e6ab624cf89,Rock ’n’ Roller Coaster Starring The Muppets,OPERATING,50,2026-10-03T21:43:06.741Z
2026-10-04T00:17:38.073254+00:00,288747d1-8b4f-4a64-867e-ea7c9b27bad8,Disney's Hollywood Studios,1a2e70d9-50d5-4140-b69e-799e950f7d18,Star Wars: Rise of the Resistance,OPERATING,20,2026-10-04T00:10:19.288Z
2026-10-04T00:17:38.073254+00:00,288747d1-8b4f-4a64-867e-ea7c9b27bad8,Disney's Hollywood Studios,20b5daa8-e1ea-436f-830c-2d7d18d929b5,Toy Story Mania!,OPERATING,20,2026-10-04T00:15:09.309Z
2026-10-04T00:17:38.073254+00:00,288747d1-8b4f-4a64-867e-ea7c9b27bad8,Disney's Hollywood Studios,34c4916b-989b-4ff1-a7e3-a6a846a3484f,Millennium Falcon: Smugglers Run,OPERATING,15,2026-10-04T00:14:20.031Z
2026-10-04T00:17:38.073254+00:00,288747d1-8b4f-4a64-867e-ea7c9b27bad8,Disney's Hollywood Studios,399aa0a1-98e2-4d2b-b297-2b451e9665e1,Slinky Dog Dash,OPERATING,35,2026-10-04T00:13:18.877Z
2026-10-04T00:17:38.073254+00:00,288747d1-8b4f-4a64-867e-ea7c9b27bad8,Disney's Hollywood Studios,3b290419-8ca2-44bc-a710-a6c83fca76ec,Star Tours – The Adventures Continue,OPERATING,5,2026-10-04T00:14:20.099Z
2026-10-04T00:17:38.073254+00:00,288747d1-8b4f-4a64-867e-ea7c9b27bad8,Disney's Hollywood Studios,6e118e37-5002-408d-9d88-0b5d9cdb5d14,Mickey & Minnie's Runaway Railway,OPERATING,30,2026-10-04T00:13:18.886Z
2026-10-04T00:17:38.073254+00:00,288747d1-8b4f-4a64-867e-ea7c9b27bad8,Disney's Hollywood Studios,6f6998e8-a629-412c-b964-2cb06af8e26b,The Twilight Zone™ Tower of Terror,OPERATING,15,2026-10-04T00:12:23.624Z
2026-10-04T00:17:38.073254+00:00,288747d1-8b4f-4a64-867e-ea7c9b27bad8,Disney's Hollywood Studios,9211adc9-b296-4667-8e97-b40cf76108e4,Vacation Fun - An Original Animated Short with Mickey & Minnie,CLOSED,,2026-10-04T00:00:12.304Z
2026-10-04T00:17:38.073254+00:00,288747d1-8b4f-4a64-867e-ea7c9b27bad8,Disney's Hollywood Studios,d56506e2-6ad3-443a-8065-fea37987248d,Alien Swirling Saucers,OPERATING,25,2026-10-04T00:03:04.661Z
2026-10-04T00:17:38.073254+00:00,288747d1-8b4f-4a64-867e-ea7c9b27bad8,Disney's Hollywood Studios,d7669edc-eaa1-4af2-bbb5-6e98df564166,Walt Disney Presents,CLOSED,,2026-10-04T00:00:12.287Z
2026-10-04T00:17:38.073254+00:00,288747d1-8b4f-4a64-867e-ea7c9b27bad8,Disney's Hollywood Studios,e516f303-e82d-4fd3-8fbf-8e6ab624cf89,Rock ’n’ Roller Coaster Starring The Muppets,OPERATING,20,2026-10-04T00:13:18.893Z
2026-10-04T12:39:35.296571+00:00,288747d1-8b4f-4a64-867e-ea7c9b27bad8,Disney's Hollywood Studios,1a2e70d9-50d5-4140-b69e-799e950f7d18,Star Wars: Rise of the Resistance,DOWN,,2026-10-04T12:38:24.542Z
2026-10-04T12:39:35.296571+00:00,288747d1-8b4f-4a64-867e-ea7c9b27bad8,Disney's Hollywood Studios,20b5daa8-e1ea-436f-830c-2d7d18d929b5,Toy Story Mania!,OPERATING,15,2026-10-04T12:34:50.220Z
2026-10-04T12:39:35.296571+00:00,288747d1-8b4f-4a64-867e-ea7c9b27bad8,Disney's Hollywood Studios,34c4916b-989b-4ff1-a7e3-a6a846a3484f,Millennium Falcon: Smugglers Run,OPERATING,25,2026-10-04T12:34:50.214Z
2026-10-04T12:39:35.296571+00:00,288747d1-8b4f-4a64-867e-ea7c9b27bad8,Disney's Hollywood Studios,399aa0a1-98e2-4d2b-b297-2b451e9665e1,Slinky Dog Dash,DOWN,,2026-10-04T12:33:27.308Z
2026-10-04T12:39:35.296571+00:00,288747d1-8b4f-4a64-867e-ea7c9b27bad8,Disney's Hollywood Studios,3b290419-8ca2-44bc-a710-a6c83fca76ec,Star Tours – The Adventures Continue,OPERATING,5,2026-10-04T12:32:20.608Z
2026-10-04T12:39:35.296571+00:00,288747d1-8b4f-4a64-867e-ea7c9b27bad8,Disney's Hollywood Studios,6e118e37-5002-408d-9d88-0b5d9cdb5d14,Mickey & Minnie's Runaway Railway,OPERATING,,2026-10-04T12:34:50.207Z
2026-10-04T12:39:35.296571+00:00,288747d1-8b4f-4a64-867e-ea7c9b27bad8,Disney's Hollywood Studios,6f6998e8-a629-412c-b964-2cb06af8e26b,The Twilight Zone™ Tower of Terror,OPERATING,,2026-10-04T12:34:50.309Z
2026-10-04T12:39:35.296571+00:00,288747d1-8b4f-4a64-867e-ea7c9b27bad8,Disney's Hollywood Studios,9211adc9-b296-4667-8e97-b40cf76108e4,Vacation Fun - An Original Animated Short with Mickey & Minnie,CLOSED,,2026-10-04T08:01:13.354Z
2026-10-04T12:39:35.296571+00:00,288747d1-8b4f-4a64-867e-ea7c9b27bad8,Disney's Hollywood Studios,d56506e2-6ad3-443a-8065-fea37987248d,Alien Swirling Saucers,OPERATING,5,2026-10-04T12:30:16.057Z
2026-10-04T12:39:35.296571+00:00,288747d1-8b4f-4a64-867e-ea7c9b27bad8,Disney's Hollywood Studios,d7669edc-eaa1-4af2-bbb5-6e98df564166,Walt Disney Presents,CLOSED,,2026-10-04T08:01:13.295Z
2026-10-04T12:39:35.296571+00:00,288747d1-8b4f-4a64-867e-ea7c9b27bad8,Disney's Hollywood Studios,e516f303-e82d-4fd3-8fbf-8e6ab624cf89,Rock ’n’ Roller Coaster Starring The Muppets,DOWN,,2026-10-04T12:34:50.235Z
